<?xml version="1.0"?>
<!--<!DOCTYPE metadata SYSTEM "http://www.esri.com/metadata/esriprof80.dtd">-->
<metadata xml:lang="es"><Esri><MetaID>{E0E5F88C-B66D-465B-8AC3-068188F4A4D0}</MetaID><CreaDate>20120131</CreaDate><CreaTime>10171700</CreaTime><SyncOnce>TRUE</SyncOnce><DataProperties><lineage><Process ToolSource="C:\Archivos de programa\ArcGIS\ArcToolbox\Toolboxes\Data Management Tools.tbx\DefineProjection" Date="20120131" Time="101717">DefineProjection "D:\Peticion Cartograficas 2012\Bases Geograficas Corte 11-01-2012\Internos Shapefile con NumExt\04 - Campeche\DISTRITO.shp" PROJCS['WGS_1984_UTM_Zone_15N',GEOGCS['GCS_WGS_1984',DATUM['D_WGS_1984',SPHEROID['WGS_1984',6378137.0,298.257223563]],PRIMEM['Greenwich',0.0],UNIT['Degree',0.0174532925199433]],PROJECTION['Transverse_Mercator'],PARAMETER['False_Easting',500000.0],PARAMETER['False_Northing',0.0],PARAMETER['Central_Meridian',-93.0],PARAMETER['Scale_Factor',0.9996],PARAMETER['Latitude_Of_Origin',0.0],UNIT['Meter',1.0]] "D:\Peticion Cartograficas 2012\Bases Geograficas Corte 11-01-2012\Internos Shapefile con NumExt\04 - Campeche\DISTRITO.shp"</Process></lineage></DataProperties></Esri></metadata>
