<?xml version="1.0"?>
<!--<!DOCTYPE metadata SYSTEM "http://www.esri.com/metadata/esriprof80.dtd">-->
<metadata xml:lang="es"><Esri><MetaID>{0A21D07C-17B9-4BAE-898B-F98076E44209}</MetaID><CreaDate>20120131</CreaDate><CreaTime>10164500</CreaTime><SyncOnce>TRUE</SyncOnce><DataProperties><lineage><Process ToolSource="C:\Archivos de programa\ArcGIS\ArcToolbox\Toolboxes\Data Management Tools.tbx\DefineProjection" Date="20120131" Time="101645">DefineProjection "D:\Peticion Cartograficas 2012\Bases Geograficas Corte 11-01-2012\Internos Shapefile con NumExt\03 - Baja California Sur\DISTRITO.shp" PROJCS['WGS_1984_UTM_Zone_12N',GEOGCS['GCS_WGS_1984',DATUM['D_WGS_1984',SPHEROID['WGS_1984',6378137.0,298.257223563]],PRIMEM['Greenwich',0.0],UNIT['Degree',0.0174532925199433]],PROJECTION['Transverse_Mercator'],PARAMETER['False_Easting',500000.0],PARAMETER['False_Northing',0.0],PARAMETER['Central_Meridian',-111.0],PARAMETER['Scale_Factor',0.9996],PARAMETER['Latitude_Of_Origin',0.0],UNIT['Meter',1.0]] "D:\Peticion Cartograficas 2012\Bases Geograficas Corte 11-01-2012\Internos Shapefile con NumExt\03 - Baja California Sur\DISTRITO.shp"</Process></lineage></DataProperties></Esri></metadata>
