<?xml version="1.0"?>
<!--<!DOCTYPE metadata SYSTEM "http://www.esri.com/metadata/esriprof80.dtd">-->
<metadata xml:lang="es"><Esri><MetaID>{CE532847-AD60-43E7-9370-7736E491B0CF}</MetaID><CreaDate>20120130</CreaDate><CreaTime>18502200</CreaTime><SyncOnce>TRUE</SyncOnce><DataProperties><lineage><Process ToolSource="C:\Archivos de programa\ArcGIS\ArcToolbox\Toolboxes\Data Management Tools.tbx\DefineProjection" Date="20120130" Time="185022">DefineProjection "D:\Peticion Cartograficas 2012\Bases Geograficas Corte 11-01-2012\Internos Shapefile con NumExt\12 - Guerrero\MUNICIPIO.shp" PROJCS['WGS_1984_UTM_Zone_14N',GEOGCS['GCS_WGS_1984',DATUM['D_WGS_1984',SPHEROID['WGS_1984',6378137.0,298.257223563]],PRIMEM['Greenwich',0.0],UNIT['Degree',0.0174532925199433]],PROJECTION['Transverse_Mercator'],PARAMETER['False_Easting',500000.0],PARAMETER['False_Northing',0.0],PARAMETER['Central_Meridian',-99.0],PARAMETER['Scale_Factor',0.9996],PARAMETER['Latitude_Of_Origin',0.0],UNIT['Meter',1.0]] "D:\Peticion Cartograficas 2012\Bases Geograficas Corte 11-01-2012\Internos Shapefile con NumExt\12 - Guerrero\MUNICIPIO.shp"</Process></lineage></DataProperties></Esri></metadata>
